INSERT INTO Champ_lexical(id_champ,nom_champ,classe) VALUES (1,'Jardinage',1);

INSERT INTO Mot(id_mot,mot,classe) VALUES (1,'planter',1);
INSERT INTO Mot(id_mot,mot,classe) VALUES (2,'semer',1);
INSERT INTO Mot(id_mot,mot,classe) VALUES (3,'terreau',1);
INSERT INTO Mot(id_mot,mot,classe) VALUES (4,'pots',1);
INSERT INTO Mot(id_mot,mot,classe) VALUES (5,'désherber',1);
INSERT INTO Mot(id_mot,mot,classe) VALUES (6,'jardin',1);
INSERT INTO Mot(id_mot,mot,classe) VALUES (7,'fruits et légumes',1);

INSERT INTO Appartient(id_mot,id_champ) VALUES (1,1);
INSERT INTO Appartient(id_mot,id_champ) VALUES (2,1);
INSERT INTO Appartient(id_mot,id_champ) VALUES (3,1);
INSERT INTO Appartient(id_mot,id_champ) VALUES (4,1);
INSERT INTO Appartient(id_mot,id_champ) VALUES (5,1);
INSERT INTO Appartient(id_mot,id_champ) VALUES (6,1);
INSERT INTO Appartient(id_mot,id_champ) VALUES (7,1);

INSERT INTO Champ_lexical(id_champ,nom_champ,classe) VALUES (2,'Météo',1);

INSERT INTO Mot(id_mot,mot,classe) VALUES (8,'nuageux',1);
INSERT INTO Mot(id_mot,mot,classe) VALUES (9,'brouillard',1);
INSERT INTO Mot(id_mot,mot,classe) VALUES (10,'soleil',1);
INSERT INTO Mot(id_mot,mot,classe) VALUES (11,'pluie',1);
INSERT INTO Mot(id_mot,mot,classe) VALUES (12,'neige',1);
INSERT INTO Mot(id_mot,mot,classe) VALUES (13,'temps',1);

INSERT INTO Appartient(id_mot,id_champ) VALUES (8,2);
INSERT INTO Appartient(id_mot,id_champ) VALUES (9,2);
INSERT INTO Appartient(id_mot,id_champ) VALUES (10,2);
INSERT INTO Appartient(id_mot,id_champ) VALUES (11,2);
INSERT INTO Appartient(id_mot,id_champ) VALUES (12,2);
INSERT INTO Appartient(id_mot,id_champ) VALUES (13,2);

INSERT INTO Champ_lexical(id_champ,nom_champ,classe) VALUES (3,'Chaussures',1);

INSERT INTO Mot(id_mot,mot,classe) VALUES (14,'bottes',1);
INSERT INTO Mot(id_mot,mot,classe) VALUES (15,'mocassins',1);
INSERT INTO Mot(id_mot,mot,classe) VALUES (16,'sandales',1);
INSERT INTO Mot(id_mot,mot,classe) VALUES (17,'baskets',1);
INSERT INTO Mot(id_mot,mot,classe) VALUES (18,'espadrilles',1);
INSERT INTO Mot(id_mot,mot,classe) VALUES (19,'escarpins',1);
INSERT INTO Mot(id_mot,mot,classe) VALUES (20,'chausson',1);
INSERT INTO Mot(id_mot,mot,classe) VALUES (21,'claquettes',1);
INSERT INTO Mot(id_mot,mot,classe) VALUES (22,'pantoufles',1);

INSERT INTO Appartient(id_mot,id_champ) VALUES (14,3);
INSERT INTO Appartient(id_mot,id_champ) VALUES (15,3);
INSERT INTO Appartient(id_mot,id_champ) VALUES (16,3);
INSERT INTO Appartient(id_mot,id_champ) VALUES (16,3);
INSERT INTO Appartient(id_mot,id_champ) VALUES (17,3);
INSERT INTO Appartient(id_mot,id_champ) VALUES (18,3);
INSERT INTO Appartient(id_mot,id_champ) VALUES (19,3);
INSERT INTO Appartient(id_mot,id_champ) VALUES (20,3);
INSERT INTO Appartient(id_mot,id_champ) VALUES (21,3);
INSERT INTO Appartient(id_mot,id_champ) VALUES (22,3);

INSERT INTO Champ_lexical(id_champ,nom_champ,classe) VALUES (4,'Bricolage',1);

INSERT INTO Mot(id_mot,mot,classe) VALUES (23,'tournevis',1);
INSERT INTO Mot(id_mot,mot,classe) VALUES (24,'clouer',1);
INSERT INTO Mot(id_mot,mot,classe) VALUES (25,'scier',1);
INSERT INTO Mot(id_mot,mot,classe) VALUES (26,'marteau',1);
INSERT INTO Mot(id_mot,mot,classe) VALUES (27,'percer',1);
INSERT INTO Mot(id_mot,mot,classe) VALUES (28,'outil',1);
INSERT INTO Mot(id_mot,mot,classe) VALUES (29,'fabriquer',1);
INSERT INTO Mot(id_mot,mot,classe) VALUES (30,'réparer',1);
INSERT INTO Mot(id_mot,mot,classe) VALUES (31,'rafistoler',1);

INSERT INTO Appartient(id_mot,id_champ) VALUES (23,4);
INSERT INTO Appartient(id_mot,id_champ) VALUES (24,4);
INSERT INTO Appartient(id_mot,id_champ) VALUES (25,4);
INSERT INTO Appartient(id_mot,id_champ) VALUES (26,4);
INSERT INTO Appartient(id_mot,id_champ) VALUES (27,4);
INSERT INTO Appartient(id_mot,id_champ) VALUES (28,4);
INSERT INTO Appartient(id_mot,id_champ) VALUES (29,4);
INSERT INTO Appartient(id_mot,id_champ) VALUES (30,4);
INSERT INTO Appartient(id_mot,id_champ) VALUES (31,4);

INSERT INTO Champ_lexical(id_champ,nom_champ,classe) VALUES (5,'Train',1);

INSERT INTO Mot(id_mot,mot,classe) VALUES (32,'guichet',1);
INSERT INTO Mot(id_mot,mot,classe) VALUES (33,'wagon',1);
INSERT INTO Mot(id_mot,mot,classe) VALUES (34,'motrice',1);
INSERT INTO Mot(id_mot,mot,classe) VALUES (35,'rail',1);
INSERT INTO Mot(id_mot,mot,classe) VALUES (36,'contrôleur',1);
INSERT INTO Mot(id_mot,mot,classe) VALUES (37,'siège',1);
INSERT INTO Mot(id_mot,mot,classe) VALUES (38,'locomotive',1);
INSERT INTO Mot(id_mot,mot,classe) VALUES (39,'métro',1);
INSERT INTO Mot(id_mot,mot,classe) VALUES (40,'cheminot',1);
INSERT INTO Mot(id_mot,mot,classe) VALUES (41,'fourgon',1);
INSERT INTO Mot(id_mot,mot,classe) VALUES (42,'dérailler',1);
INSERT INTO Mot(id_mot,mot,classe) VALUES (43,'voyage',1);

INSERT INTO Appartient(id_mot,id_champ) VALUES (32,5);
INSERT INTO Appartient(id_mot,id_champ) VALUES (33,5);
INSERT INTO Appartient(id_mot,id_champ) VALUES (34,5);
INSERT INTO Appartient(id_mot,id_champ) VALUES (35,5);
INSERT INTO Appartient(id_mot,id_champ) VALUES (36,5);
INSERT INTO Appartient(id_mot,id_champ) VALUES (37,5);
INSERT INTO Appartient(id_mot,id_champ) VALUES (38,5);
INSERT INTO Appartient(id_mot,id_champ) VALUES (39,5);
INSERT INTO Appartient(id_mot,id_champ) VALUES (40,5);
INSERT INTO Appartient(id_mot,id_champ) VALUES (41,5);
INSERT INTO Appartient(id_mot,id_champ) VALUES (42,5);
INSERT INTO Appartient(id_mot,id_champ) VALUES (43,5);

INSERT INTO Champ_lexical(id_champ,nom_champ,classe) VALUES (6,'Nature',1);

INSERT INTO Mot(id_mot,mot,classe) VALUES (44,'arbres',1);
INSERT INTO Mot(id_mot,mot,classe) VALUES (45,'fleurs',1);
INSERT INTO Mot(id_mot,mot,classe) VALUES (46,'forêt',1);
INSERT INTO Mot(id_mot,mot,classe) VALUES (47,'mer',1);
INSERT INTO Mot(id_mot,mot,classe) VALUES (48,'animaux',1);
INSERT INTO Mot(id_mot,mot,classe) VALUES (49,'plantes',1);
INSERT INTO Mot(id_mot,mot,classe) VALUES (50,'lac',1);
INSERT INTO Mot(id_mot,mot,classe) VALUES (51,'plaine',1);
INSERT INTO Mot(id_mot,mot,classe) VALUES (52,'montagne',1);

INSERT INTO Appartient(id_mot,id_champ) VALUES (44,6);
INSERT INTO Appartient(id_mot,id_champ) VALUES (45,6);
INSERT INTO Appartient(id_mot,id_champ) VALUES (46,6);
INSERT INTO Appartient(id_mot,id_champ) VALUES (47,6);
INSERT INTO Appartient(id_mot,id_champ) VALUES (48,6);
INSERT INTO Appartient(id_mot,id_champ) VALUES (49,6);
INSERT INTO Appartient(id_mot,id_champ) VALUES (50,6);
INSERT INTO Appartient(id_mot,id_champ) VALUES (51,6);
INSERT INTO Appartient(id_mot,id_champ) VALUES (52,6);

INSERT INTO Champ_lexical(id_champ,nom_champ,classe) VALUES (7,'Télévision',1);

INSERT INTO Mot(id_mot,mot,classe) VALUES (53,'présentateur',1);
INSERT INTO Mot(id_mot,mot,classe) VALUES (54,'informations',1);
INSERT INTO Mot(id_mot,mot,classe) VALUES (55,'programme',1);
INSERT INTO Mot(id_mot,mot,classe) VALUES (56,'publicité',1);
INSERT INTO Mot(id_mot,mot,classe) VALUES (57,'séries',1);
INSERT INTO Mot(id_mot,mot,classe) VALUES (58,'écran',1);
INSERT INTO Mot(id_mot,mot,classe) VALUES (59,'émission',1);
INSERT INTO Mot(id_mot,mot,classe) VALUES (60,'reportage',1);
INSERT INTO Mot(id_mot,mot,classe) VALUES (61,'divertissement',1);
INSERT INTO Mot(id_mot,mot,classe) VALUES (62,'feuilleton',1);

INSERT INTO Appartient(id_mot,id_champ) VALUES (53,7);
INSERT INTO Appartient(id_mot,id_champ) VALUES (54,7);
INSERT INTO Appartient(id_mot,id_champ) VALUES (55,7);
INSERT INTO Appartient(id_mot,id_champ) VALUES (56,7);
INSERT INTO Appartient(id_mot,id_champ) VALUES (57,7);
INSERT INTO Appartient(id_mot,id_champ) VALUES (58,7);
INSERT INTO Appartient(id_mot,id_champ) VALUES (59,7);
INSERT INTO Appartient(id_mot,id_champ) VALUES (60,7);
INSERT INTO Appartient(id_mot,id_champ) VALUES (61,7);
INSERT INTO Appartient(id_mot,id_champ) VALUES (62,7);

INSERT INTO Champ_lexical(id_champ,nom_champ,classe) VALUES (8,'Pays',1);

INSERT INTO Mot(id_mot,mot,classe) VALUES (63,'france',1);
INSERT INTO Mot(id_mot,mot,classe) VALUES (64,'angleterre',1);
INSERT INTO Mot(id_mot,mot,classe) VALUES (65,'allemagne',1);
INSERT INTO Mot(id_mot,mot,classe) VALUES (66,'italie',1);
INSERT INTO Mot(id_mot,mot,classe) VALUES (67,'japon',1);
INSERT INTO Mot(id_mot,mot,classe) VALUES (68,'espagne',1);
INSERT INTO Mot(id_mot,mot,classe) VALUES (69,'états-unis',1);
INSERT INTO Mot(id_mot,mot,classe) VALUES (70,'suisse',1);
INSERT INTO Mot(id_mot,mot,classe) VALUES (71,'chine',1);
INSERT INTO Mot(id_mot,mot,classe) VALUES (72,'canada',1);
INSERT INTO Mot(id_mot,mot,classe) VALUES (73,'russie',1);
INSERT INTO Mot(id_mot,mot,classe) VALUES (74,'égypte',1);
INSERT INTO Mot(id_mot,mot,classe) VALUES (75,'maroc',1);
INSERT INTO Mot(id_mot,mot,classe) VALUES (76,'inde',1);
INSERT INTO Mot(id_mot,mot,classe) VALUES (77,'grèce',1);

INSERT INTO Appartient(id_mot,id_champ) VALUES (63,8);
INSERT INTO Appartient(id_mot,id_champ) VALUES (64,8);
INSERT INTO Appartient(id_mot,id_champ) VALUES (65,8);
INSERT INTO Appartient(id_mot,id_champ) VALUES (66,8);
INSERT INTO Appartient(id_mot,id_champ) VALUES (67,8);
INSERT INTO Appartient(id_mot,id_champ) VALUES (68,8);
INSERT INTO Appartient(id_mot,id_champ) VALUES (69,8);
INSERT INTO Appartient(id_mot,id_champ) VALUES (70,8);
INSERT INTO Appartient(id_mot,id_champ) VALUES (71,8);
INSERT INTO Appartient(id_mot,id_champ) VALUES (72,8);
INSERT INTO Appartient(id_mot,id_champ) VALUES (73,8);
INSERT INTO Appartient(id_mot,id_champ) VALUES (74,8);
INSERT INTO Appartient(id_mot,id_champ) VALUES (75,8);
INSERT INTO Appartient(id_mot,id_champ) VALUES (76,8);
INSERT INTO Appartient(id_mot,id_champ) VALUES (77,8);

INSERT INTO Champ_lexical(id_champ,nom_champ,classe) VALUES (9,'Fournitures scolaire',1);

INSERT INTO Mot(id_mot,mot,classe) VALUES (78,'cahier',1);
INSERT INTO Mot(id_mot,mot,classe) VALUES (79,'stylo',1);
INSERT INTO Mot(id_mot,mot,classe) VALUES (80,'crayon',1);
INSERT INTO Mot(id_mot,mot,classe) VALUES (81,'feutre',1);
INSERT INTO Mot(id_mot,mot,classe) VALUES (82,'craie',1);
INSERT INTO Mot(id_mot,mot,classe) VALUES (83,'classeur',1);
INSERT INTO Mot(id_mot,mot,classe) VALUES (84,'feuille',1);
INSERT INTO Mot(id_mot,mot,classe) VALUES (85,'règle',1);
INSERT INTO Mot(id_mot,mot,classe) VALUES (86,'colle',1);
INSERT INTO Mot(id_mot,mot,classe) VALUES (87,'gomme',1);
INSERT INTO Mot(id_mot,mot,classe) VALUES (88,'taille-crayon',1);
INSERT INTO Mot(id_mot,mot,classe) VALUES (89,'compas',1);
INSERT INTO Mot(id_mot,mot,classe) VALUES (90,'calculatrice',1);
INSERT INTO Mot(id_mot,mot,classe) VALUES (91,'trousse',1);
INSERT INTO Mot(id_mot,mot,classe) VALUES (92,'équerre',1);

INSERT INTO Appartient(id_mot,id_champ) VALUES (78,9);
INSERT INTO Appartient(id_mot,id_champ) VALUES (79,9);
INSERT INTO Appartient(id_mot,id_champ) VALUES (80,9);
INSERT INTO Appartient(id_mot,id_champ) VALUES (81,9);
INSERT INTO Appartient(id_mot,id_champ) VALUES (82,9);
INSERT INTO Appartient(id_mot,id_champ) VALUES (83,9);
INSERT INTO Appartient(id_mot,id_champ) VALUES (84,9);
INSERT INTO Appartient(id_mot,id_champ) VALUES (85,9);
INSERT INTO Appartient(id_mot,id_champ) VALUES (86,9);
INSERT INTO Appartient(id_mot,id_champ) VALUES (87,9);
INSERT INTO Appartient(id_mot,id_champ) VALUES (88,9);
INSERT INTO Appartient(id_mot,id_champ) VALUES (89,9);
INSERT INTO Appartient(id_mot,id_champ) VALUES (90,9);
INSERT INTO Appartient(id_mot,id_champ) VALUES (91,9);
INSERT INTO Appartient(id_mot,id_champ) VALUES (92,9);

INSERT INTO Champ_lexical(id_champ,nom_champ,classe) VALUES (10,'Oiseaux',1);

INSERT INTO Mot(id_mot,mot,classe) VALUES (93,'merle',1);
INSERT INTO Mot(id_mot,mot,classe) VALUES (94,'aigle',1);
INSERT INTO Mot(id_mot,mot,classe) VALUES (95,'perdrix',1);
INSERT INTO Mot(id_mot,mot,classe) VALUES (96,'rouge-gorge',1);
INSERT INTO Mot(id_mot,mot,classe) VALUES (97,'rossignol',1);
INSERT INTO Mot(id_mot,mot,classe) VALUES (98,'pigeon',1);
INSERT INTO Mot(id_mot,mot,classe) VALUES (99,'cygne',1);
INSERT INTO Mot(id_mot,mot,classe) VALUES (100,'canard',1);
INSERT INTO Mot(id_mot,mot,classe) VALUES (101,'pie',1);
INSERT INTO Mot(id_mot,mot,classe) VALUES (102,'faucon',1);
INSERT INTO Mot(id_mot,mot,classe) VALUES (103,'hirondelle',1);
INSERT INTO Mot(id_mot,mot,classe) VALUES (104,'pivert',1);
INSERT INTO Mot(id_mot,mot,classe) VALUES (105,'hiboux',1);

INSERT INTO Appartient(id_mot,id_champ) VALUES (93,10);
INSERT INTO Appartient(id_mot,id_champ) VALUES (94,10);
INSERT INTO Appartient(id_mot,id_champ) VALUES (95,10);
INSERT INTO Appartient(id_mot,id_champ) VALUES (96,10);
INSERT INTO Appartient(id_mot,id_champ) VALUES (97,10);
INSERT INTO Appartient(id_mot,id_champ) VALUES (98,10);
INSERT INTO Appartient(id_mot,id_champ) VALUES (99,10);
INSERT INTO Appartient(id_mot,id_champ) VALUES (100,10);
INSERT INTO Appartient(id_mot,id_champ) VALUES (101,10);
INSERT INTO Appartient(id_mot,id_champ) VALUES (102,10);
INSERT INTO Appartient(id_mot,id_champ) VALUES (103,10);
INSERT INTO Appartient(id_mot,id_champ) VALUES (104,10);
INSERT INTO Appartient(id_mot,id_champ) VALUES (105,10);