-- phpMyAdmin SQL Dump
-- version 4.6.6deb4
-- https://www.phpmyadmin.net/
--
-- Client :  localhost:3306
-- Généré le :  Lun 14 Mai 2018 à 18:11
-- Version du serveur :  10.1.23-MariaDB-9+deb9u1
-- Version de PHP :  7.0.27-0+deb9u1

SET SQL_MODE = "NO_AUTO_VALUE_ON_ZERO";
SET time_zone = "+00:00";


/*!40101 SET @OLD_CHARACTER_SET_CLIENT=@@CHARACTER_SET_CLIENT */;
/*!40101 SET @OLD_CHARACTER_SET_RESULTS=@@CHARACTER_SET_RESULTS */;
/*!40101 SET @OLD_COLLATION_CONNECTION=@@COLLATION_CONNECTION */;
/*!40101 SET NAMES utf8mb4 */;

--
-- Base de données :  `projet_tut`
--

-- --------------------------------------------------------

--
-- Structure de la table `Appartient`
--

CREATE TABLE `Appartient` (
  `id_mot` int(11) NOT NULL,
  `id_champ` int(11) NOT NULL
) ENGINE=InnoDB DEFAULT CHARSET=utf8mb4;

--
-- Contenu de la table `Appartient`
--

INSERT INTO `Appartient` (`id_mot`, `id_champ`) VALUES
(1, 1),
(2, 1),
(3, 1),
(4, 1),
(5, 1),
(6, 1),
(7, 1),
(8, 1),
(9, 1),
(10, 1),
(11, 1),
(12, 2),
(13, 2),
(13, 2),
(14, 2),
(15, 2),
(16, 2),
(17, 2),
(18, 2),
(19, 2),
(20, 2),
(21, 2),
(22, 2),
(23, 2),
(24, 2),
(21, 2),
(25, 3),
(26, 3),
(27, 3),
(28, 3),
(29, 3),
(30, 3),
(31, 3),
(32, 4),
(33, 4),
(34, 4),
(35, 4),
(36, 4),
(37, 4),
(38, 5),
(39, 5),
(40, 5),
(41, 5),
(42, 5),
(43, 6),
(44, 6),
(45, 6),
(46, 6),
(47, 6),
(48, 6),
(49, 6),
(50, 6),
(51, 6),
(52, 6),
(53, 7),
(54, 7),
(55, 7),
(56, 7),
(57, 7),
(58, 7),
(59, 7),
(60, 7),
(61, 7),
(62, 8),
(63, 8),
(64, 8),
(64, 8),
(65, 8),
(66, 8),
(67, 8),
(68, 8),
(69, 8),
(70, 8),
(71, 8),
(72, 8),
(73, 8),
(74, 1),
(75, 1),
(76, 1),
(77, 1),
(78, 1),
(79, 1),
(80, 1),
(81, 9),
(82, 9),
(83, 9),
(84, 9),
(85, 9),
(86, 9),
(87, 9),
(88, 9),
(89, 9),
(90, 9),
(91, 9),
(92, 10),
(93, 10),
(94, 10),
(95, 10),
(96, 10),
(97, 10),
(98, 10),
(99, 10),
(100, 10),
(101, 10),
(102, 10),
(103, 10),
(104, 10),
(105, 11),
(106, 11),
(107, 11),
(108, 11),
(109, 11),
(110, 11),
(111, 11),
(112, 11),
(113, 11),
(101, 11),
(114, 11),
(115, 11),
(116, 12),
(117, 12),
(118, 12),
(119, 12),
(120, 12),
(121, 12),
(122, 12),
(123, 12),
(124, 12),
(125, 12),
(126, 12),
(127, 12),
(128, 12),
(129, 12),
(130, 12),
(131, 13),
(132, 13),
(133, 13),
(134, 13),
(135, 13),
(136, 13),
(137, 13),
(138, 13),
(139, 13),
(140, 14),
(141, 14),
(142, 14),
(143, 14),
(144, 14),
(145, 14),
(146, 15),
(147, 15),
(148, 15),
(149, 15),
(150, 15),
(151, 15),
(152, 15),
(153, 15),
(154, 15),
(155, 15),
(156, 15),
(157, 15),
(158, 15),
(159, 15),
(160, 16),
(161, 16),
(162, 16),
(163, 16),
(164, 16),
(165, 16),
(166, 16),
(167, 17),
(168, 17),
(169, 17),
(170, 17),
(171, 17),
(172, 17),
(173, 17),
(174, 17),
(175, 17),
(176, 17),
(177, 17),
(178, 17),
(179, 18),
(180, 18),
(181, 18),
(182, 18),
(183, 18),
(184, 18),
(185, 18),
(186, 18),
(187, 18),
(188, 18),
(189, 18),
(190, 18),
(191, 18),
(192, 19),
(97, 19),
(193, 19),
(194, 19),
(195, 19),
(196, 19),
(197, 19),
(198, 19),
(199, 19),
(100, 19),
(200, 19),
(201, 19),
(202, 19),
(203, 19),
(204, 20),
(205, 20),
(206, 20),
(207, 20),
(34, 20),
(208, 20),
(107, 20),
(209, 20),
(210, 20),
(211, 20),
(212, 20),
(213, 20),
(214, 20),
(215, 21),
(216, 21),
(217, 21),
(218, 21),
(219, 21),
(220, 21),
(221, 21),
(222, 21),
(223, 21),
(224, 21),
(225, 21),
(226, 21),
(227, 21),
(228, 21),
(229, 21),
(230, 21),
(231, 22),
(232, 22),
(233, 22),
(234, 22),
(235, 22),
(236, 22),
(237, 22),
(238, 22),
(239, 22),
(240, 22),
(241, 22),
(242, 22),
(243, 22),
(244, 22),
(245, 22),
(246, 23),
(247, 23),
(248, 23),
(249, 23),
(87, 23),
(250, 23),
(251, 23),
(83, 23),
(252, 23),
(253, 23),
(254, 24),
(255, 24),
(256, 24),
(257, 24),
(258, 24),
(259, 24),
(260, 24),
(261, 24),
(262, 24),
(263, 24),
(264, 25),
(265, 25),
(266, 25),
(267, 25),
(268, 25),
(177, 25),
(269, 25),
(270, 25),
(93, 25),
(271, 25),
(272, 25),
(273, 25),
(274, 25),
(275, 25),
(276, 25),
(277, 25),
(278, 26),
(279, 26),
(280, 26),
(281, 26),
(282, 26),
(87, 26),
(283, 26),
(284, 27),
(285, 27),
(286, 27),
(287, 27),
(288, 27),
(289, 28),
(290, 28),
(291, 28),
(94, 28),
(292, 28),
(293, 28),
(294, 28),
(295, 28),
(296, 1),
(152, 1),
(297, 1),
(298, 1),
(299, 1),
(300, 17),
(301, 17),
(174, 17),
(302, 17),
(167, 17),
(303, 29),
(168, 29),
(304, 29),
(305, 29),
(306, 29),
(307, 29),
(308, 30),
(309, 30),
(310, 30),
(311, 30),
(312, 30),
(313, 31),
(314, 31),
(315, 31),
(316, 31),
(317, 31),
(318, 31),
(319, 31),
(320, 31),
(321, 31),
(322, 31),
(323, 31),
(324, 31),
(325, 32),
(326, 32),
(327, 32),
(328, 32),
(329, 32),
(298, 33),
(330, 33),
(331, 33),
(332, 33),
(333, 33),
(334, 34),
(335, 34),
(336, 34),
(337, 34),
(338, 34),
(339, 35),
(340, 35),
(341, 35),
(342, 35),
(208, 35),
(343, 36),
(344, 36),
(345, 36),
(346, 36),
(347, 37),
(348, 37),
(349, 37),
(350, 37),
(351, 37),
(352, 37),
(353, 37),
(354, 37),
(355, 38),
(356, 38),
(357, 38),
(358, 38),
(359, 39),
(360, 39),
(361, 39),
(101, 39),
(362, 39),
(363, 38),
(364, 36);

-- --------------------------------------------------------

--
-- Structure de la table `Champ_lexical`
--

CREATE TABLE `Champ_lexical` (
  `id_champ` int(11) NOT NULL,
  `nom_champ` varchar(60) DEFAULT NULL
) ENGINE=InnoDB DEFAULT CHARSET=utf8mb4;

--
-- Contenu de la table `Champ_lexical`
--

INSERT INTO `Champ_lexical` (`id_champ`, `nom_champ`) VALUES
(1, 'nature'),
(2, 'animaux'),
(3, 'jardinage'),
(4, 'météo'),
(5, 'athlétisme'),
(6, 'chaussures'),
(7, 'bricolage'),
(8, 'train'),
(9, 'télévision'),
(10, 'cyclisme'),
(11, 'patinage'),
(12, 'pays'),
(13, 'laitage'),
(14, 'transport aérien'),
(15, 'fournitures scolaires'),
(16, 'autoroute'),
(17, 'école'),
(18, 'oiseaux'),
(19, 'voiture'),
(20, 'plage'),
(21, 'corps humain'),
(22, 'insecte'),
(23, 'informatique'),
(24, 'cuisine'),
(25, 'métier'),
(26, 'cinéma'),
(27, 'jeux extérieurs'),
(28, 'sport'),
(29, 'maison'),
(30, 'montagne'),
(31, 'famille'),
(32, 'sentiment'),
(33, 'campagne'),
(34, 'géographie'),
(35, 'mer'),
(36, 'habitations'),
(37, 'fruits'),
(38, 'chiens'),
(39, 'matière');

-- --------------------------------------------------------

--
-- Structure de la table `Eleve`
--

CREATE TABLE `Eleve` (
  `id_eleve` int(11) NOT NULL,
  `nom_eleve` varchar(30) NOT NULL,
  `prenom_eleve` varchar(30) NOT NULL
) ENGINE=InnoDB DEFAULT CHARSET=utf8mb4;

--
-- Contenu de la table `Eleve`
--

INSERT INTO `Eleve` (`id_eleve`, `nom_eleve`, `prenom_eleve`) VALUES
(1, 'gentile', 'pierre'),
(2, 'patural', 'maleine'),
(3, 'patural', 'maleine'),
(4, '', ''),
(5, 'a', 'a');

-- --------------------------------------------------------

--
-- Structure de la table `Mot`
--

CREATE TABLE `Mot` (
  `id_mot` int(11) NOT NULL,
  `mot` varchar(60) DEFAULT NULL,
  `classe` varchar(10) NOT NULL
) ENGINE=InnoDB DEFAULT CHARSET=utf8mb4;

--
-- Contenu de la table `Mot`
--

INSERT INTO `Mot` (`id_mot`, `mot`, `classe`) VALUES
(1, 'herbe', 'CM1'),
(2, 'arbre', 'CM1'),
(3, 'feuille', 'CM1'),
(4, 'branche', 'CM1'),
(5, 'fruit', 'CM1'),
(6, 'vent', 'CM1'),
(7, 'terre', 'CM1'),
(8, 'eau', 'CM1'),
(9, 'nuages', 'CM1'),
(10, 'mer', 'CM1'),
(11, 'sable', 'CM1'),
(12, 'chien', 'CM1'),
(13, 'chat', 'CM1'),
(14, 'sanglier', 'CM1'),
(15, 'ours', 'CM1'),
(16, 'renard', 'CM1'),
(17, 'cerf', 'CM1'),
(18, 'pingouin', 'CM1'),
(19, 'serpent', 'CM1'),
(20, 'poisson', 'CM1'),
(21, 'crocodile', 'CM1'),
(22, 'girafe', 'CM1'),
(23, 'lion', 'CM1'),
(24, 'tigre', 'CM1'),
(25, 'planter', 'CM1/CM2'),
(26, 'semer', 'CM1/CM2'),
(27, 'terreau', 'CM1/CM2'),
(28, 'pots', 'CM1/CM2'),
(29, 'désherber', 'CM1/CM2'),
(30, 'jardin', 'CM1/CM2'),
(31, 'fruits et légumes', 'CM1/CM2'),
(32, 'nuages', 'CM1/CM2'),
(33, 'brouillard', 'CM1/CM2'),
(34, 'soleil', 'CM1/CM2'),
(35, 'pluie', 'CM1/CM2'),
(36, 'neige', 'CM1/CM2'),
(37, 'temps', 'CM1/CM2'),
(38, '400 m', 'CM1/CM2'),
(39, 'lancer de poids', 'CM1/CM2'),
(40, 'saut en longueur', 'CM1/CM2'),
(41, 'saut en hauteur', 'CM1/CM2'),
(42, '100 m', 'CM1/CM2'),
(43, 'bottes', 'CM1/CM2'),
(44, 'mocassins', 'CM1/CM2'),
(45, 'sandales', 'CM1/CM2'),
(46, 'baskets', 'CM1/CM2'),
(47, 'espadrilles', 'CM1/CM2'),
(48, 'escarpins', 'CM1/CM2'),
(49, 'chaussons', 'CM1/CM2'),
(50, 'claquettes', 'CM1/CM2'),
(51, 'pantoufles', 'CM1/CM2'),
(52, 'pair', 'CM1/CM2'),
(53, 'tournevis', 'CM1/CM2'),
(54, 'clouer', 'CM1/CM2'),
(55, 'scier', 'CM1/CM2'),
(56, 'marteau', 'CM1/CM2'),
(57, 'percer', 'CM1/CM2'),
(58, 'outil', 'CM1/CM2'),
(59, 'fabriquer', 'CM1/CM2'),
(60, 'réparer', 'CM1/CM2'),
(61, 'rafistoler', 'CM1/CM2'),
(62, 'guichet', 'CM1/CM2'),
(63, 'wagon', 'CM1/CM2'),
(64, 'motrice', 'CM1/CM2'),
(65, 'rail', 'CM1/CM2'),
(66, 'contrôleur', 'CM1/CM2'),
(67, 'siège', 'CM1/CM2'),
(68, 'locomotive', 'CM1/CM2'),
(69, 'métro', 'CM1/CM2'),
(70, 'cheminot', 'CM1/CM2'),
(71, 'fourgon', 'CM1/CM2'),
(72, 'dérailler', 'CM1/CM2'),
(73, 'voyage', 'CM1/CM2'),
(74, 'arbres', 'CM1/CM2'),
(75, 'fleurs', 'CM1/CM2'),
(76, 'forêt', 'CM1/CM2'),
(77, 'animaux', 'CM1/CM2'),
(78, 'lac', 'CM1/CM2'),
(79, 'plaines', 'CM1/CM2'),
(80, 'montagnes', 'CM1/CM2'),
(81, 'présentateur', 'CM1/CM2'),
(82, 'informations', 'CM1/CM2'),
(83, 'programme', 'CM1/CM2'),
(84, 'publicités', 'CM1/CM2'),
(85, 'séries', 'CM1/CM2'),
(86, 'films', 'CM1/CM2'),
(87, 'écran', 'CM1/CM2'),
(88, 'émission', 'CM1/CM2'),
(89, 'reportage', 'CM1/CM2'),
(90, 'divertissement', 'CM1/CM2'),
(91, 'feuilleton', 'CM1/CM2'),
(92, 'roue', 'CM1/CM2'),
(93, 'cadre', 'CM1/CM2'),
(94, 'course', 'CM1/CM2'),
(95, 'vélo', 'CM1/CM2'),
(96, 'selle', 'CM1/CM2'),
(97, 'frein', 'CM1/CM2'),
(98, 'vélodrome', 'CM1/CM2'),
(99, 'rouler', 'CM1/CM2'),
(100, 'pédale', 'CM1/CM2'),
(101, 'sport', 'CM1/CM2'),
(102, 'deux-roues', 'CM1/CM2'),
(103, 'cyclable', 'CM1/CM2'),
(104, 'tricycle', 'CM1/CM2'),
(105, 'patin', 'CM1/CM2'),
(106, 'patinoire', 'CM1/CM2'),
(107, 'glace', 'CM1/CM2'),
(108, 'gant', 'CM1/CM2'),
(109, 'froid', 'CM1/CM2'),
(110, 'glissade', 'CM1/CM2'),
(111, 'bonnet', 'CM1/CM2'),
(112, 'hockey sur glace', 'CM1/CM2'),
(113, 'patinage artistique', 'CM1/CM2'),
(114, 'danse', 'CM1/CM2'),
(115, 'figure', 'CM1/CM2'),
(116, 'France', 'CM1/CM2'),
(117, 'Angleterre', 'CM1/CM2'),
(118, 'Allemagne', 'CM1/CM2'),
(119, 'Italie', 'CM1/CM2'),
(120, 'Japon', 'CM1/CM2'),
(121, 'Espagne', 'CM1/CM2'),
(122, 'États-Unis', 'CM1/CM2'),
(123, 'Suisse', 'CM1/CM2'),
(124, 'Chine', 'CM1/CM2'),
(125, 'Canada', 'CM1/CM2'),
(126, 'Russie', 'CM1/CM2'),
(127, 'Egypte', 'CM1/CM2'),
(128, 'Maroc', 'CM1/CM2'),
(129, 'Inde', 'CM1/CM2'),
(130, 'Grèce', 'CM1/CM2'),
(131, 'Camembert', 'CM1/CM2'),
(132, 'yahourt', 'CM1/CM2'),
(133, 'lait', 'CM1/CM2'),
(134, 'crème fraîche', 'CM1/CM2'),
(135, 'fromage', 'CM1/CM2'),
(136, 'chantilly', 'CM1/CM2'),
(137, 'maroilles', 'CM1/CM2'),
(138, 'beurre', 'CM1/CM2'),
(139, 'crème glacée', 'CM1/CM2'),
(140, 'hélicoptère', 'CM2'),
(141, 'avion', 'CM2'),
(142, 'planeur', 'CM2'),
(143, 'dirigeable', 'CM2'),
(144, 'fusée', 'CM2'),
(145, 'Montgolfière', 'CM2'),
(146, 'cahier', 'CM1/CM2'),
(147, 'stylo', 'CM1/CM2'),
(148, 'crayon', 'CM1/CM2'),
(149, 'feutres', 'CM1/CM2'),
(150, 'craies', 'CM1/CM2'),
(151, 'classeur', 'CM1/CM2'),
(152, 'feuille', 'CM1/CM2'),
(153, 'règle', 'CM1/CM2'),
(154, 'colle', 'CM1/CM2'),
(155, 'gomme', 'CM1/CM2'),
(156, 'taille-crayon', 'CM1/CM2'),
(157, 'compas', 'CM1/CM2'),
(158, 'calculatrice', 'CM1/CM2'),
(159, 'trousse', 'CM1/CM2'),
(160, 'sortie', 'CM2'),
(161, 'aire de repos', 'CM2'),
(162, 'station-service', 'CM2'),
(163, 'péage', 'CM2'),
(164, 'voiture', 'CM2'),
(165, 'bouchon', 'CM2'),
(166, 'route', 'CM2'),
(167, 'cour', 'CM1/CM2'),
(168, 'couloir', 'CM1/CM2'),
(169, 'toilettes', 'CM1/CM2'),
(170, 'classe', 'CM1/CM2'),
(171, 'tableau', 'CM1/CM2'),
(172, 'chaise', 'CM1/CM2'),
(173, 'élève', 'CM1/CM2'),
(174, 'bureau', 'CM1/CM2'),
(175, 'TBI', 'CM1/CM2'),
(176, 'ardoise', 'CM1/CM2'),
(177, 'enseignant', 'CM1/CM2'),
(178, 'professeur', 'CM1/CM2'),
(179, 'merle', 'CM1/CM2'),
(180, 'aigle', 'CM1/CM2'),
(181, 'perdrix', 'CM1/CM2'),
(182, 'rouge-gorge', 'CM1/CM2'),
(183, 'rossignol', 'CM1/CM2'),
(184, 'pigeon', 'CM1/CM2'),
(185, 'cygne', 'CM1/CM2'),
(186, 'canard', 'CM1/CM2'),
(187, 'pie', 'CM1/CM2'),
(188, 'faucon', 'CM1/CM2'),
(189, 'hirondelle', 'CM1/CM2'),
(190, 'pivert', 'CM1/CM2'),
(191, 'hibou', 'CM1/CM2'),
(192, 'volant', 'CM1/CM2'),
(193, 'coffre', 'CM1/CM2'),
(194, 'portière', 'CM1/CM2'),
(195, 'essuie-glace', 'CM1/CM2'),
(196, 'pare-brise', 'CM1/CM2'),
(197, 'rétroviseur', 'CM1/CM2'),
(198, 'boite à gants', 'CM1/CM2'),
(199, 'airbag', 'CM1/CM2'),
(200, 'moteur', 'CM1/CM2'),
(201, 'levier de vitesse', 'CM1/CM2'),
(202, 'climatisation', 'CM1/CM2'),
(203, 'klaxon', 'CM1/CM2'),
(204, 'parasol', 'CM1/CM2'),
(205, 'sable', 'CM1/CM2'),
(206, 'bouée', 'CM1/CM2'),
(207, 'mer', 'CM1/CM2'),
(208, 'océan', 'CM1/CM2'),
(209, 'jet-ski', 'CM1/CM2'),
(210, 'planche à voile', 'CM1/CM2'),
(211, 'surf', 'CM1/CM2'),
(212, 'maillot de bain', 'CM1/CM2'),
(213, 'serviette', 'CM1/CM2'),
(214, 'château de sable', 'CM1/CM2'),
(215, 'estomac', 'CM1/CM2'),
(216, 'foie', 'CM1/CM2'),
(217, 'rein', 'CM1/CM2'),
(218, 'cœur', 'CM1/CM2'),
(219, 'intestin', 'CM1/CM2'),
(220, 'poumon', 'CM1/CM2'),
(221, 'bras', 'CM1/CM2'),
(222, 'cheville', 'CM1/CM2'),
(223, 'langue', 'CM1/CM2'),
(224, 'tête', 'CM1/CM2'),
(225, 'pied', 'CM1/CM2'),
(226, 'genou', 'CM1/CM2'),
(227, 'poignet', 'CM1/CM2'),
(228, 'main', 'CM1/CM2'),
(229, 'doigts', 'CM1/CM2'),
(230, 'cheveux', 'CM1/CM2'),
(231, 'libellule', 'CM1/CM2'),
(232, 'sauterelle', 'CM1/CM2'),
(233, 'scarabée', 'CM1/CM2'),
(234, 'guêpe', 'CM1/CM2'),
(235, 'mouche', 'CM1/CM2'),
(236, 'criquet', 'CM1/CM2'),
(237, 'fourmis', 'CM1/CM2'),
(238, 'punaise', 'CM1/CM2'),
(239, 'papillon', 'CM1/CM2'),
(240, 'coccinelle', 'CM1/CM2'),
(241, 'moustique', 'CM1/CM2'),
(242, 'cigale', 'CM1/CM2'),
(243, 'cafard', 'CM1/CM2'),
(244, 'termite', 'CM1/CM2'),
(245, 'taon', 'CM1/CM2'),
(246, 'scanner', 'CM1/CM2'),
(247, 'imprimante', 'CM1/CM2'),
(248, 'unité centrale', 'CM1/CM2'),
(249, 'moniteur', 'CM1/CM2'),
(250, 'souris', 'CM1/CM2'),
(251, 'clavier', 'CM1/CM2'),
(252, 'logiciel', 'CM1/CM2'),
(253, 'ordinateur', 'CM1/CM2'),
(254, 'dessert', 'CM1/CM2'),
(255, 'recette', 'CM1/CM2'),
(256, 'restaurant', 'CM1/CM2'),
(257, 'ustensile', 'CM1/CM2'),
(258, 'plats', 'CM1/CM2'),
(259, 'repas', 'CM1/CM2'),
(260, 'cuisson', 'CM1/CM2'),
(261, 'four', 'CM1/CM2'),
(262, 'poêle', 'CM1/CM2'),
(263, 'ingrédient', 'CM1/CM2'),
(264, 'pâtissier', 'CM1/CM2'),
(265, 'agriculteur', 'CM1/CM2'),
(266, 'charcutier', 'CM1/CM2'),
(267, 'peintre', 'CM1/CM2'),
(268, 'plombier', 'CM1/CM2'),
(269, 'fleuriste', 'CM1/CM2'),
(270, 'ouvrier', 'CM1/CM2'),
(271, 'menuisier', 'CM1/CM2'),
(272, 'journaliste', 'CM1/CM2'),
(273, 'instituteur', 'CM1/CM2'),
(274, 'horloger', 'CM1/CM2'),
(275, 'éboueur', 'CM1/CM2'),
(276, 'infirmier', 'CM1/CM2'),
(277, 'apiculteur', 'CM1/CM2'),
(278, 'film', 'CM1/CM2'),
(279, 'projection', 'CM1/CM2'),
(280, 'caméra', 'CM1/CM2'),
(281, 'scénario', 'CM1/CM2'),
(282, 'metteur en scène', 'CM1/CM2'),
(283, 'acteur', 'CM1/CM2'),
(284, 'toboggan', 'CM1/CM2'),
(285, 'balançoire', 'CM1/CM2'),
(286, 'tourniquet', 'CM1/CM2'),
(287, 'marelle', 'CM1/CM2'),
(288, 'élastique', 'CM1/CM2'),
(289, 'natation', 'CM1/CM2'),
(290, 'football', 'CM1/CM2'),
(291, 'gymnastique', 'CM1/CM2'),
(292, 'tennis', 'CM1/CM2'),
(293, 'handball', 'CM1/CM2'),
(294, 'athlétisme', 'CM1/CM2'),
(295, 'cyclisme', 'CM1/CM2'),
(296, 'arbre', 'CM1/CM2'),
(297, 'mousse', 'CM1/CM2'),
(298, 'champ', 'CM1/CM2'),
(299, 'fleur', 'CM1/CM2'),
(300, 'salle de classe', 'CM1/CM2'),
(301, 'préau', 'CM1/CM2'),
(302, 'cantine', 'CM1/CM2'),
(303, 'salle de bain', 'CM1/CM2'),
(304, 'chambre', 'CM1/CM2'),
(305, 'séjour', 'CM1/CM2'),
(306, 'salon', 'CM1/CM2'),
(307, 'escalier', 'CM1/CM2'),
(308, 'cime', 'CM1/CM2'),
(309, 'vallée', 'CM1/CM2'),
(310, 'alpage', 'CM1/CM2'),
(311, 'sommet', 'CM1/CM2'),
(312, 'alpiniste', 'CM1/CM2'),
(313, 'père', 'CM1/CM2'),
(314, 'mère', 'CM1/CM2'),
(315, 'frère', 'CM1/CM2'),
(316, 'sœur', 'CM1/CM2'),
(317, 'grand-mère', 'CM1/CM2'),
(318, 'grand-père', 'CM1/CM2'),
(319, 'tante', 'CM1/CM2'),
(320, 'oncle', 'CM1/CM2'),
(321, 'fils', 'CM1/CM2'),
(322, 'fille', 'CM1/CM2'),
(323, 'neveu', 'CM1/CM2'),
(324, 'nièce', 'CM1/CM2'),
(325, 'peur', 'CM1/CM2'),
(326, 'joie', 'CM1/CM2'),
(327, 'tristesse', 'CM1/CM2'),
(328, 'colère', 'CM1/CM2'),
(329, 'gaieté', 'CM1/CM2'),
(330, 'ferme', 'CM1/CM2'),
(331, 'chemin', 'CM1/CM2'),
(332, 'village', 'CM1/CM2'),
(333, 'pré', 'CM1/CM2'),
(334, 'hémisphère', 'CM2'),
(335, 'relief', 'CM2'),
(336, 'climat', 'CM2'),
(337, 'frontière', 'CM2'),
(338, 'vallée', 'CM2'),
(339, 'vague', 'CM1/CM2'),
(340, 'marée', 'CM1/CM2'),
(341, 'coquillage', 'CM1/CM2'),
(342, 'algue', 'CM1/CM2'),
(343, 'appartement', 'CM1/CM2'),
(344, 'maison', 'CM1/CM2'),
(345, 'chalet', 'CM1/CM2'),
(346, 'château', 'CM1/CM2'),
(347, 'poire', 'CM1/CM2'),
(348, 'pomme', 'CM1/CM2'),
(349, 'cassis', 'CM1/CM2'),
(350, 'groseille', 'CM1/CM2'),
(351, 'cerise', 'CM1/CM2'),
(352, 'banane', 'CM1/CM2'),
(353, 'ananas', 'CM1/CM2'),
(354, 'noix de coco', 'CM1/CM2'),
(355, 'caniche', 'CM1/CM2'),
(356, 'berger allemand', 'CM1/CM2'),
(357, 'cocker', 'CM1/CM2'),
(358, 'saint-bernard', 'CM1/CM2'),
(359, 'maths', 'CM1/CM2'),
(360, 'géographie', 'CM1/CM2'),
(361, 'français', 'CM1/CM2'),
(362, 'histoire', 'CM1/CM2'),
(363, 'husky', 'CM1/CM2'),
(364, 'cabane', 'CM1/CM2');

-- --------------------------------------------------------

--
-- Structure de la table `Obtient`
--

CREATE TABLE `Obtient` (
  `id_eleve` int(11) NOT NULL,
  `id_resultat` int(11) NOT NULL,
  `date` date NOT NULL,
  `num_essai` int(11) NOT NULL
) ENGINE=InnoDB DEFAULT CHARSET=utf8mb4;

--
-- Contenu de la table `Obtient`
--

INSERT INTO `Obtient` (`id_eleve`, `id_resultat`, `date`, `num_essai`) VALUES
(4, 51, '0000-00-00', 0),
(2, 52, '0000-00-00', 0),
(4, 53, '0000-00-00', 1),
(4, 54, '0000-00-00', 2),
(4, 55, '0000-00-00', 3),
(4, 56, '0000-00-00', 4),
(2, 64, '0000-00-00', 1),
(2, 68, '0000-00-00', 2),
(2, 69, '0000-00-00', 3),
(2, 73, '0000-00-00', 4),
(2, 81, '0000-00-00', 0),
(2, 82, '0000-00-00', 1),
(2, 83, '0000-00-00', 2),
(2, 84, '0000-00-00', 3),
(2, 85, '0000-00-00', 4),
(2, 86, '0000-00-00', 0),
(2, 87, '0000-00-00', 1),
(2, 88, '0000-00-00', 2),
(2, 89, '0000-00-00', 3),
(2, 90, '0000-00-00', 4),
(1, 100, '0000-00-00', 0),
(1, 101, '0000-00-00', 1),
(1, 102, '0000-00-00', 2),
(1, 103, '0000-00-00', 3),
(1, 104, '0000-00-00', 4),
(1, 105, '0000-00-00', 5),
(1, 106, '0000-00-00', 0),
(1, 107, '0000-00-00', 1),
(1, 108, '0000-00-00', 2),
(1, 109, '0000-00-00', 3),
(1, 110, '0000-00-00', 4),
(1, 111, '0000-00-00', 0),
(1, 112, '0000-00-00', 1),
(1, 113, '0000-00-00', 2),
(1, 114, '0000-00-00', 3),
(1, 115, '0000-00-00', 4),
(5, 116, '0000-00-00', 0),
(5, 117, '0000-00-00', 1),
(5, 118, '0000-00-00', 2),
(5, 119, '0000-00-00', 3),
(5, 120, '0000-00-00', 4),
(5, 121, '0000-00-00', 0),
(5, 122, '0000-00-00', 1),
(5, 123, '0000-00-00', 2),
(5, 124, '0000-00-00', 3),
(5, 125, '0000-00-00', 4),
(5, 126, '0000-00-00', 5),
(5, 127, '0000-00-00', 0),
(5, 128, '0000-00-00', 1),
(5, 129, '0000-00-00', 2),
(5, 130, '0000-00-00', 3),
(5, 131, '0000-00-00', 4);

-- --------------------------------------------------------

--
-- Structure de la table `Professeur`
--

CREATE TABLE `Professeur` (
  `id_professeur` int(11) NOT NULL,
  `pseudo_prof` varchar(50) NOT NULL,
  `mot_passe` varchar(60) NOT NULL
) ENGINE=InnoDB DEFAULT CHARSET=utf8mb4;

--
-- Contenu de la table `Professeur`
--

INSERT INTO `Professeur` (`id_professeur`, `pseudo_prof`, `mot_passe`) VALUES
(1, 'test', 'test'),
(2, 'maleine', 'maleine');

-- --------------------------------------------------------

--
-- Structure de la table `Resultat`
--

CREATE TABLE `Resultat` (
  `id_resultat` int(11) NOT NULL,
  `niveau` int(11) NOT NULL,
  `resultat` int(11) NOT NULL
) ENGINE=InnoDB DEFAULT CHARSET=utf8mb4;

--
-- Contenu de la table `Resultat`
--

INSERT INTO `Resultat` (`id_resultat`, `niveau`, `resultat`) VALUES
(1, 1, 0),
(2, 1, 0),
(3, 1, 0),
(4, 1, 0),
(5, 1, 0),
(6, 1, 0),
(7, 1, 0),
(8, 1, 0),
(9, 1, 0),
(10, 1, 1),
(11, 1, 1),
(12, 0, 0),
(13, 0, 0),
(14, 0, 0),
(15, 0, 0),
(16, 0, 0),
(17, 0, 0),
(18, 0, 0),
(19, 0, 0),
(20, 0, 0),
(21, 0, 0),
(22, 0, 0),
(23, 0, 0),
(24, 0, 0),
(25, 0, 0),
(26, 0, 0),
(27, 0, 0),
(28, 0, 0),
(29, 0, 0),
(30, 0, 0),
(31, 0, 0),
(32, 1, 1),
(33, 1, 0),
(34, 0, 0),
(35, 0, 0),
(36, 1, 0),
(37, 0, 0),
(38, 0, 0),
(39, 1, 0),
(40, 1, 0),
(41, 0, 0),
(42, 0, 0),
(43, 0, 0),
(44, 0, 0),
(45, 0, 0),
(46, 0, 0),
(47, 0, 0),
(48, 0, 0),
(49, 0, 0),
(50, 0, 0),
(51, 0, 0),
(52, 1, 0),
(53, 0, 0),
(54, 0, 0),
(55, 0, 0),
(56, 0, 0),
(57, 0, 0),
(58, 0, 0),
(59, 0, 0),
(60, 0, 0),
(61, 0, 0),
(62, 0, 0),
(63, 0, 0),
(64, 1, 0),
(65, 0, 0),
(66, 0, 0),
(67, 0, 0),
(68, 1, 0),
(69, 1, 0),
(70, 0, 0),
(71, 0, 0),
(72, 0, 0),
(73, 1, 0),
(74, 1, 0),
(75, 1, 0),
(76, 1, 0),
(77, 1, 1),
(78, 1, 0),
(79, 0, 0),
(80, 0, 0),
(81, 2, 0),
(82, 2, 0),
(83, 2, 0),
(84, 2, 0),
(85, 2, 0),
(86, 3, 0),
(87, 3, 0),
(88, 3, 0),
(89, 3, 0),
(90, 3, 0),
(91, 3, 0),
(92, 3, 0),
(93, 3, 0),
(94, 3, 1),
(95, 3, 0),
(96, 3, 1),
(97, 3, 1),
(98, 3, 1),
(99, 3, 1),
(100, 1, 0),
(101, 1, 0),
(102, 1, 0),
(103, 1, 1),
(104, 1, 0),
(105, 1, 0),
(106, 2, 0),
(107, 2, 0),
(108, 2, 0),
(109, 2, 0),
(110, 2, 0),
(111, 3, 0),
(112, 3, 0),
(113, 3, 0),
(114, 3, 0),
(115, 3, 0),
(116, 1, 0),
(117, 1, 0),
(118, 1, 0),
(119, 1, 0),
(120, 1, 0),
(121, 2, 0),
(122, 2, 0),
(123, 2, 0),
(124, 2, 0),
(125, 2, 1),
(126, 2, 0),
(127, 3, 0),
(128, 3, 0),
(129, 3, 0),
(130, 3, 0),
(131, 3, 0);

--
-- Index pour les tables exportées
--

--
-- Index pour la table `Appartient`
--
ALTER TABLE `Appartient`
  ADD KEY `id_mot` (`id_mot`),
  ADD KEY `id_champ` (`id_champ`);

--
-- Index pour la table `Champ_lexical`
--
ALTER TABLE `Champ_lexical`
  ADD PRIMARY KEY (`id_champ`);

--
-- Index pour la table `Eleve`
--
ALTER TABLE `Eleve`
  ADD PRIMARY KEY (`id_eleve`);

--
-- Index pour la table `Mot`
--
ALTER TABLE `Mot`
  ADD PRIMARY KEY (`id_mot`);

--
-- Index pour la table `Obtient`
--
ALTER TABLE `Obtient`
  ADD KEY `id_eleve` (`id_eleve`),
  ADD KEY `id_resultat` (`id_resultat`);

--
-- Index pour la table `Professeur`
--
ALTER TABLE `Professeur`
  ADD PRIMARY KEY (`id_professeur`);

--
-- Index pour la table `Resultat`
--
ALTER TABLE `Resultat`
  ADD PRIMARY KEY (`id_resultat`);

--
-- AUTO_INCREMENT pour les tables exportées
--

--
-- AUTO_INCREMENT pour la table `Champ_lexical`
--
ALTER TABLE `Champ_lexical`
  MODIFY `id_champ` int(11) NOT NULL AUTO_INCREMENT, AUTO_INCREMENT=40;
--
-- AUTO_INCREMENT pour la table `Eleve`
--
ALTER TABLE `Eleve`
  MODIFY `id_eleve` int(11) NOT NULL AUTO_INCREMENT, AUTO_INCREMENT=6;
--
-- AUTO_INCREMENT pour la table `Mot`
--
ALTER TABLE `Mot`
  MODIFY `id_mot` int(11) NOT NULL AUTO_INCREMENT, AUTO_INCREMENT=365;
--
-- AUTO_INCREMENT pour la table `Professeur`
--
ALTER TABLE `Professeur`
  MODIFY `id_professeur` int(11) NOT NULL AUTO_INCREMENT, AUTO_INCREMENT=3;
--
-- AUTO_INCREMENT pour la table `Resultat`
--
ALTER TABLE `Resultat`
  MODIFY `id_resultat` int(11) NOT NULL AUTO_INCREMENT, AUTO_INCREMENT=132;
--
-- Contraintes pour les tables exportées
--

--
-- Contraintes pour la table `Appartient`
--
ALTER TABLE `Appartient`
  ADD CONSTRAINT `Appartient_ibfk_1` FOREIGN KEY (`id_mot`) REFERENCES `Mot` (`id_mot`),
  ADD CONSTRAINT `Appartient_ibfk_2` FOREIGN KEY (`id_champ`) REFERENCES `Champ_lexical` (`id_champ`);

--
-- Contraintes pour la table `Obtient`
--
ALTER TABLE `Obtient`
  ADD CONSTRAINT `Obtient_ibfk_1` FOREIGN KEY (`id_eleve`) REFERENCES `Eleve` (`id_eleve`),
  ADD CONSTRAINT `Obtient_ibfk_2` FOREIGN KEY (`id_resultat`) REFERENCES `Resultat` (`id_resultat`);

/*!40101 SET CHARACTER_SET_CLIENT=@OLD_CHARACTER_SET_CLIENT */;
/*!40101 SET CHARACTER_SET_RESULTS=@OLD_CHARACTER_SET_RESULTS */;
/*!40101 SET COLLATION_CONNECTION=@OLD_COLLATION_CONNECTION */;
